Permalink,Name,Description,Meta Title,Meta Description,Width,Length,Height,Brand,Barcode,Categories,Images,Digital,Featured,Status,SKU,Weight,Stock,Stock Unlimited,Price,Custom Field 1 Label,Custom Field 1 Value,Custom Field 1 Type,Custom Field 2 Label,Custom Field 2 Value,Custom Field 2 Type,Custom Field 3 Label,Custom Field 3 Value,Custom Field 3 Type,Google Product Category
,Blusa puntitos multicolor,"<p><b>Descripción:</b> Alegre blusa con estampado de polka dots multicolor. Si bien no trae composición, impresiona de fresca viscosa, ideal para el verano. Tiene dos pequeñas y tenues manchitas en el pecho.</p><p><b>Talla estimada:</b> XL</p><p><b>Medidas:</b> ancho de hombros: 45 cm / contorno de busto: 134 cm / contorno de cintura: 128 cm / largo de mangas: 27 cm / largo total: 82 cm</p><p><b>Composición:</b> viscosa</p>",,"Alegre blusa con estampado de polka dots multicolor. Si bien no trae composición, impresiona de fresca viscosa, ideal para el verano.",10,10,10,,,"Productos,Productos / Blusas & Poleras","https://raw.githubusercontent.com/RamonOpazo/AmigasVntg_Catalog/master/AVC_2021_004/BLU-MLT-2021004-002-1.jpg,https://raw.githubusercontent.com/RamonOpazo/AmigasVntg_Catalog/master/AVC_2021_004/BLU-MLT-2021004-002-2.jpg,https://raw.githubusercontent.com/RamonOpazo/AmigasVntg_Catalog/master/AVC_2021_004/BLU-MLT-2021004-002-3.jpg,https://raw.githubusercontent.com/RamonOpazo/AmigasVntg_Catalog/master/AVC_2021_004/BLU-MLT-2021004-002-4.jpg,https://raw.githubusercontent.com/RamonOpazo/AmigasVntg_Catalog/master/AVC_2021_004/BLU-MLT-2021004-002-5.jpg,https://raw.githubusercontent.com/RamonOpazo/AmigasVntg_Catalog/master/AVC_2021_004/BLU-MLT-2021004-002-6.jpg,https://raw.githubusercontent.com/RamonOpazo/AmigasVntg_Catalog/master/AVC_2021_004/BLU-MLT-2021004-002-7.jpg,https://raw.githubusercontent.com/RamonOpazo/AmigasVntg_Catalog/master/AVC_2021_004/BLU-MLT-2021004-002-8.jpg,https://raw.githubusercontent.com/RamonOpazo/AmigasVntg_Catalog/master/AVC_2021_004/BLU-MLT-2021004-002-9.jpg",NO,NO,disabled,BLU-MLT-2021004-002,0.205,1,NO,8000,color,multicolor,selection,talla,XL,selection,condición,usado,selection,Apparel & Accessories > Clothing > Shirts & Tops
,Blusa flores pastel,"<p><b>Descripción:</b> Tierna blusa con estampado floreado en un fondo amarillo pastel. De fresco y liviano rayón, sin mangas, ideal para el verano. </p><p><b>Marca:</b> Classic</p><p><b>Talla estimada:</b> M</p><p><b>Talla etiqueta:</b> M</p><p><b>Medidas:</b> ancho de hombros: 42 cm / contorno de busto: 108 cm / contorno de cintura: 106 cm / largo total: 60 cm</p><p><b>Composición:</b> 100% rayón</p>",,"Tierna blusa con estampado floreado en un fondo amarillo pastel. De fresco y liviano rayón, sin mangas, ideal para el verano.",10,10,10,Classic,,"Productos,Productos / Blusas & Poleras","https://raw.githubusercontent.com/RamonOpazo/AmigasVntg_Catalog/master/AVC_2021_004/BLU-AZL-2021004-004-1.jpg,https://raw.githubusercontent.com/RamonOpazo/AmigasVntg_Catalog/master/AVC_2021_004/BLU-AZL-2021004-004-2.jpg,https://raw.githubusercontent.com/RamonOpazo/AmigasVntg_Catalog/master/AVC_2021_004/BLU-AZL-2021004-004-3.jpg,https://raw.githubusercontent.com/RamonOpazo/AmigasVntg_Catalog/master/AVC_2021_004/BLU-AZL-2021004-004-4.jpg,https://raw.githubusercontent.com/RamonOpazo/AmigasVntg_Catalog/master/AVC_2021_004/BLU-AZL-2021004-004-5.jpg,https://raw.githubusercontent.com/RamonOpazo/AmigasVntg_Catalog/master/AVC_2021_004/BLU-AZL-2021004-004-6.jpg,https://raw.githubusercontent.com/RamonOpazo/AmigasVntg_Catalog/master/AVC_2021_004/BLU-AZL-2021004-004-7.jpg,https://raw.githubusercontent.com/RamonOpazo/AmigasVntg_Catalog/master/AVC_2021_004/BLU-AZL-2021004-004-8.jpg,https://raw.githubusercontent.com/RamonOpazo/AmigasVntg_Catalog/master/AVC_2021_004/BLU-AZL-2021004-004-9.jpg",NO,NO,disabled,BLU-AZL-2021004-004,0.125,1,NO,12000,color,blanco,selection,talla,M,selection,condición,usado,selection,Apparel & Accessories > Clothing > Shirts & Tops
,Blusa verde romántica,"<p><b>Descripción:</b> Romántica blusa vintage, con estampado floreado y de amebas. Tiene un cuello tipo camisero y pretina elasticada. </p><p><b>Marca:</b> Alfred Dunner</p><p><b>Talla estimada:</b> M</p><p><b>Talla etiqueta:</b> 10</p><p><b>Medidas:</b> ancho de hombros: 40 cm / contorno de busto: 104 cm / contorno de cintura: 108 cm / largo de mangas: 25 cm / largo total: 62 cm</p><p><b>Composición:</b> 100% poliéster</p>",,"Romántica blusa vintage, con estampado floreado y de amebas. Tiene un cuello tipo camisero y pretina elasticada.",10,10,10,Alfred Dunner,,"Productos,Productos / Blusas & Poleras","https://raw.githubusercontent.com/RamonOpazo/AmigasVntg_Catalog/master/AVC_2021_004/BLU-BLN-2021004-005-1.jpg,https://raw.githubusercontent.com/RamonOpazo/AmigasVntg_Catalog/master/AVC_2021_004/BLU-BLN-2021004-005-2.jpg,https://raw.githubusercontent.com/RamonOpazo/AmigasVntg_Catalog/master/AVC_2021_004/BLU-BLN-2021004-005-3.jpg,https://raw.githubusercontent.com/RamonOpazo/AmigasVntg_Catalog/master/AVC_2021_004/BLU-BLN-2021004-005-4.jpg,https://raw.githubusercontent.com/RamonOpazo/AmigasVntg_Catalog/master/AVC_2021_004/BLU-BLN-2021004-005-5.jpg,https://raw.githubusercontent.com/RamonOpazo/AmigasVntg_Catalog/master/AVC_2021_004/BLU-BLN-2021004-005-6.jpg,https://raw.githubusercontent.com/RamonOpazo/AmigasVntg_Catalog/master/AVC_2021_004/BLU-BLN-2021004-005-7.jpg,https://raw.githubusercontent.com/RamonOpazo/AmigasVntg_Catalog/master/AVC_2021_004/BLU-BLN-2021004-005-8.jpg,https://raw.githubusercontent.com/RamonOpazo/AmigasVntg_Catalog/master/AVC_2021_004/BLU-BLN-2021004-005-9.jpg",NO,NO,disabled,BLU-BLN-2021004-005,0.175,1,NO,12000,color,multicolor,selection,talla,M,selection,condición,usado,selection,Apparel & Accessories > Clothing > Shirts & Tops
,Blusa bicolor,"<p><b>Descripción:</b> Elegante blusa bicolor azul y negro, de liviano rayón, ideal para usar en media temporada. </p><p><b>Marca:</b> Joie</p><p><b>Talla estimada:</b> ML</p><p><b>Talla etiqueta:</b> L</p><p><b>Medidas:</b> ancho de hombros: 41 cm / contorno de busto: 100 cm / contorno de cintura: 104 cm / largo de mangas: 64 cm / largo total: 65 cm</p><p><b>Composición:</b> 100% rayón</p>",,"Elegante blusa bicolor azul y negro, de liviano rayón, ideal para usar en media temporada.",10,10,10,Joie,,"Productos,Productos / Blusas & Poleras","https://raw.githubusercontent.com/RamonOpazo/AmigasVntg_Catalog/master/AVC_2021_004/BLU-AZL-2021004-006-1.jpg,https://raw.githubusercontent.com/RamonOpazo/AmigasVntg_Catalog/master/AVC_2021_004/BLU-AZL-2021004-006-2.jpg,https://raw.githubusercontent.com/RamonOpazo/AmigasVntg_Catalog/master/AVC_2021_004/BLU-AZL-2021004-006-3.jpg,https://raw.githubusercontent.com/RamonOpazo/AmigasVntg_Catalog/master/AVC_2021_004/BLU-AZL-2021004-006-4.jpg,https://raw.githubusercontent.com/RamonOpazo/AmigasVntg_Catalog/master/AVC_2021_004/BLU-AZL-2021004-006-5.jpg,https://raw.githubusercontent.com/RamonOpazo/AmigasVntg_Catalog/master/AVC_2021_004/BLU-AZL-2021004-006-6.jpg,https://raw.githubusercontent.com/RamonOpazo/AmigasVntg_Catalog/master/AVC_2021_004/BLU-AZL-2021004-006-7.jpg,https://raw.githubusercontent.com/RamonOpazo/AmigasVntg_Catalog/master/AVC_2021_004/BLU-AZL-2021004-006-8.jpg,https://raw.githubusercontent.com/RamonOpazo/AmigasVntg_Catalog/master/AVC_2021_004/BLU-AZL-2021004-006-9.jpg",NO,NO,disabled,BLU-AZL-2021004-006,0.22,1,NO,14000,color,azul,selection,talla,ML,selection,condición,usado,selection,Apparel & Accessories > Clothing > Shirts & Tops
,Tapado van Gogh,"<p><b>Descripción:</b> Hermoso y liviano tapado de manga corta, ideal para esas tardes más frescas de verano. Tiene un hermoso estampado de flores impresionista sobre fondo negro. Impresiona estar hecho a mano. Si bien no trae composición, el exterior parece ser de poliéster y su forro interior de una mezcla de seda y algodón. </p><p><b>Talla estimada:</b> M</p><p><b>Medidas:</b> ancho de hombros: 39 cm / contorno de busto: 110 cm / contorno de cintura: 116 cm / largo de mangas: 31 cm / largo total: 62 cm</p>",,"Hermoso y liviano tapado de manga corta, ideal para esas tardes más frescas de verano. Tiene un hermoso estampado de flores impresionista sobre fondo negro. Impresiona estar hecho a mano. Si bien no trae composición, el exterior parece ser de poliéster y su forro interior de una mezcla de seda y algodón.",11,10,10,,,"Productos,Productos / Blusas & Poleras","https://raw.githubusercontent.com/RamonOpazo/AmigasVntg_Catalog/master/AVC_2021_004/BLU-NGR-2021004-007-1.jpg,https://raw.githubusercontent.com/RamonOpazo/AmigasVntg_Catalog/master/AVC_2021_004/BLU-NGR-2021004-007-2.jpg,https://raw.githubusercontent.com/RamonOpazo/AmigasVntg_Catalog/master/AVC_2021_004/BLU-NGR-2021004-007-3.jpg,https://raw.githubusercontent.com/RamonOpazo/AmigasVntg_Catalog/master/AVC_2021_004/BLU-NGR-2021004-007-4.jpg,https://raw.githubusercontent.com/RamonOpazo/AmigasVntg_Catalog/master/AVC_2021_004/BLU-NGR-2021004-007-5.jpg,https://raw.githubusercontent.com/RamonOpazo/AmigasVntg_Catalog/master/AVC_2021_004/BLU-NGR-2021004-007-6.jpg,https://raw.githubusercontent.com/RamonOpazo/AmigasVntg_Catalog/master/AVC_2021_004/BLU-NGR-2021004-007-7.jpg,https://raw.githubusercontent.com/RamonOpazo/AmigasVntg_Catalog/master/AVC_2021_004/BLU-NGR-2021004-007-8.jpg,https://raw.githubusercontent.com/RamonOpazo/AmigasVntg_Catalog/master/AVC_2021_004/BLU-NGR-2021004-007-9.jpg",NO,NO,disabled,BLU-NGR-2021004-007,0.265,1,NO,12000,color,negro,selection,talla,M,selection,condición,usado,selection,Apparel & Accessories > Clothing > Shirts & Tops
,Blazer terracota,<p><b>Descripción:</b> Precioso blazer color terracota hecho en París. De corte sencillo y atemporal. Tiene un pequeñísimo piquete en su borde inferior frontal.</p><p><b>Talla estimada:</b> M</p><p><b>Talla etiqueta:</b> 2</p><p><b>Medidas:</b> ancho de hombros: 45 cm / contorno de busto: 108 cm / contorno de cintura: 98 cm / largo de mangas: 54 cm / largo total: 73 cm</p><p><b>Composición:</b> 100% poliéster</p>,,Precioso blazer color terracota hecho en París. De corte sencillo y atemporal.,13,13,12,,,"Productos,Productos / Chaquetas & Blazers","https://raw.githubusercontent.com/RamonOpazo/AmigasVntg_Catalog/master/AVC_2021_004/BLZ-RJO-2021004-008-1.jpg,https://raw.githubusercontent.com/RamonOpazo/AmigasVntg_Catalog/master/AVC_2021_004/BLZ-RJO-2021004-008-2.jpg,https://raw.githubusercontent.com/RamonOpazo/AmigasVntg_Catalog/master/AVC_2021_004/BLZ-RJO-2021004-008-3.jpg,https://raw.githubusercontent.com/RamonOpazo/AmigasVntg_Catalog/master/AVC_2021_004/BLZ-RJO-2021004-008-4.jpg,https://raw.githubusercontent.com/RamonOpazo/AmigasVntg_Catalog/master/AVC_2021_004/BLZ-RJO-2021004-008-5.jpg,https://raw.githubusercontent.com/RamonOpazo/AmigasVntg_Catalog/master/AVC_2021_004/BLZ-RJO-2021004-008-6.jpg,https://raw.githubusercontent.com/RamonOpazo/AmigasVntg_Catalog/master/AVC_2021_004/BLZ-RJO-2021004-008-7.jpg,https://raw.githubusercontent.com/RamonOpazo/AmigasVntg_Catalog/master/AVC_2021_004/BLZ-RJO-2021004-008-8.jpg,https://raw.githubusercontent.com/RamonOpazo/AmigasVntg_Catalog/master/AVC_2021_004/BLZ-RJO-2021004-008-9.jpg",NO,NO,disabled,BLZ-RJO-2021004-008,0.505,1,NO,16000,color,rojo,selection,talla,M,selection,condición,usado,selection,Apparel & Accessories > Clothing > Outerwear > Coats & Jackets
,Tapado Flora,"<p><b>Descripción:</b> Hermoso y primaveral tapado con estampado floral en tonos rojo, azul, negro y gris. Tiene una hermosa y gran solapa delantera y mangas un poquito aglobadas. De liviano algodón, ideal para esas tardes de verano. </p><p><b>Marca:</b> Tides</p><p><b>Talla estimada:</b> M</p><p><b>Medidas:</b> ancho de hombros: 41 cm / contorno de busto: 112 cm / contorno de cintura: 112 cm / largo de mangas: 40 cm / largo total: 56 cm</p><p><b>Composición:</b> 100% algodón</p>",,"Hermoso y primaveral tapado con estampado floral en tonos rojo, azul, negro y gris. Tiene una hermosa y gran solapa delantera y mangas un poquito aglobadas. De liviano algodón, ideal para esas tardes de verano.",10,10,10,Tides,,"Productos,Productos / Chaquetas & Blazers","https://raw.githubusercontent.com/RamonOpazo/AmigasVntg_Catalog/master/AVC_2021_004/BLZ-MLT-2021004-009-1.jpg,https://raw.githubusercontent.com/RamonOpazo/AmigasVntg_Catalog/master/AVC_2021_004/BLZ-MLT-2021004-009-2.jpg,https://raw.githubusercontent.com/RamonOpazo/AmigasVntg_Catalog/master/AVC_2021_004/BLZ-MLT-2021004-009-3.jpg,https://raw.githubusercontent.com/RamonOpazo/AmigasVntg_Catalog/master/AVC_2021_004/BLZ-MLT-2021004-009-4.jpg,https://raw.githubusercontent.com/RamonOpazo/AmigasVntg_Catalog/master/AVC_2021_004/BLZ-MLT-2021004-009-5.jpg,https://raw.githubusercontent.com/RamonOpazo/AmigasVntg_Catalog/master/AVC_2021_004/BLZ-MLT-2021004-009-6.jpg,https://raw.githubusercontent.com/RamonOpazo/AmigasVntg_Catalog/master/AVC_2021_004/BLZ-MLT-2021004-009-7.jpg,https://raw.githubusercontent.com/RamonOpazo/AmigasVntg_Catalog/master/AVC_2021_004/BLZ-MLT-2021004-009-8.jpg,https://raw.githubusercontent.com/RamonOpazo/AmigasVntg_Catalog/master/AVC_2021_004/BLZ-MLT-2021004-009-9.jpg",NO,NO,disabled,BLZ-MLT-2021004-009,0.2,1,NO,16000,color,multicolor,selection,talla,M,selection,condición,usado,selection,Apparel & Accessories > Clothing > Outerwear > Coats & Jackets
,Blazer indian chic,"<p><b>Descripción:</b> Increíble blazer vintage con estampado de patrón geométrico en tonos azul y blanco. De corte setentero e impactantes botones nacararados. Impresiona confeccionada de lino y algodón, con forro de viscosa. </p><p><b>Talla estimada:</b> S</p><p><b>Medidas:</b> ancho de hombros: 40 cm / contorno de busto: 90 cm / contorno de cintura: 82 cm / largo de mangas: 51 cm / largo total: 70 cm</p>",,"Increíble blazer vintage con estampado de patrón geométrico en tonos azul y blanco. De corte setentero e impactantes botones nacararados. Impresiona confeccionada de lino y algodón, con forro de viscosa.",16,16,16,,,"Productos,Productos / Chaquetas & Blazers","https://raw.githubusercontent.com/RamonOpazo/AmigasVntg_Catalog/master/AVC_2021_004/BLZ-AZL-2021004-010-1.jpg,https://raw.githubusercontent.com/RamonOpazo/AmigasVntg_Catalog/master/AVC_2021_004/BLZ-AZL-2021004-010-2.jpg,https://raw.githubusercontent.com/RamonOpazo/AmigasVntg_Catalog/master/AVC_2021_004/BLZ-AZL-2021004-010-3.jpg,https://raw.githubusercontent.com/RamonOpazo/AmigasVntg_Catalog/master/AVC_2021_004/BLZ-AZL-2021004-010-4.jpg,https://raw.githubusercontent.com/RamonOpazo/AmigasVntg_Catalog/master/AVC_2021_004/BLZ-AZL-2021004-010-5.jpg,https://raw.githubusercontent.com/RamonOpazo/AmigasVntg_Catalog/master/AVC_2021_004/BLZ-AZL-2021004-010-6.jpg,https://raw.githubusercontent.com/RamonOpazo/AmigasVntg_Catalog/master/AVC_2021_004/BLZ-AZL-2021004-010-7.jpg,https://raw.githubusercontent.com/RamonOpazo/AmigasVntg_Catalog/master/AVC_2021_004/BLZ-AZL-2021004-010-8.jpg,https://raw.githubusercontent.com/RamonOpazo/AmigasVntg_Catalog/master/AVC_2021_004/BLZ-AZL-2021004-010-9.jpg",NO,NO,disabled,BLZ-AZL-2021004-010,0.995,1,NO,28000,color,azul,selection,talla,S,selection,condición,usado,selection,Apparel & Accessories > Clothing > Outerwear > Coats & Jackets
,Chaleco Peonia,"<p><b>Descripción:</b> Clásico chaleco vintage de color negro con elegante bordado de mostacillas y lentejuelas con un patrón floreado. Su composición lo hace liviano y abrigado, ideal para usar todo el año. </p><p><b>Marca:</b> Peonia</p><p><b>Talla estimada:</b> L</p><p><b>Talla etiqueta:</b> L</p><p><b>Medidas:</b> ancho de hombros: 50 cm / contorno de busto: 112 cm / contorno de cintura: 110 cm / largo de mangas: 70 cm / largo total: 75 cm</p><p><b>Composición:</b> 70% lana / 20% angora / 10% nylon</p>",,"Clásico chaleco vintage de color negro con elegante bordado de mostacillas y lentejuelas con un patrón floreado. Su composición lo hace liviano y abrigado, ideal para usar todo el año.",12,11,11,Peonia,,"Productos,Productos / Chalecos & Polerones","https://raw.githubusercontent.com/RamonOpazo/AmigasVntg_Catalog/master/AVC_2021_004/CHL-NGR-2021004-011-1.jpg,https://raw.githubusercontent.com/RamonOpazo/AmigasVntg_Catalog/master/AVC_2021_004/CHL-NGR-2021004-011-2.jpg,https://raw.githubusercontent.com/RamonOpazo/AmigasVntg_Catalog/master/AVC_2021_004/CHL-NGR-2021004-011-3.jpg,https://raw.githubusercontent.com/RamonOpazo/AmigasVntg_Catalog/master/AVC_2021_004/CHL-NGR-2021004-011-4.jpg,https://raw.githubusercontent.com/RamonOpazo/AmigasVntg_Catalog/master/AVC_2021_004/CHL-NGR-2021004-011-5.jpg,https://raw.githubusercontent.com/RamonOpazo/AmigasVntg_Catalog/master/AVC_2021_004/CHL-NGR-2021004-011-6.jpg,https://raw.githubusercontent.com/RamonOpazo/AmigasVntg_Catalog/master/AVC_2021_004/CHL-NGR-2021004-011-7.jpg,https://raw.githubusercontent.com/RamonOpazo/AmigasVntg_Catalog/master/AVC_2021_004/CHL-NGR-2021004-011-8.jpg,https://raw.githubusercontent.com/RamonOpazo/AmigasVntg_Catalog/master/AVC_2021_004/CHL-NGR-2021004-011-9.jpg",NO,NO,disabled,CHL-NGR-2021004-011,0.35,1,NO,24000,color,negro,selection,talla,L,selection,condición,usado,selection,Apparel & Accessories > Clothing > Outerwear > Chaps
,Chaleco Ranco,"<p><b>Descripción:</b> Hermoso chaleco sin mangas, de lana tejido a palillo, de hermosos colores y patrón geométrico. Será tu mejor compañero en esas tardes de verano, tomando tecito en el sur, al borde del lago. </p><p><b>Talla estimada:</b> L</p><p><b>Medidas:</b> ancho de hombros: 50 cm / contorno de busto: 118 cm / contorno de cintura: 118 cm / largo total: 59 cm</p>",,"Hermoso chaleco sin mangas, de lana tejido a palillo, de hermosos colores y patrón geométrico. Será tu mejor compañero en esas tardes de verano, tomando tecito en el sur, al borde del lago.",12,11,11,,,"Productos,Productos / Chalecos & Polerones","https://raw.githubusercontent.com/RamonOpazo/AmigasVntg_Catalog/master/AVC_2021_004/CHL-MLT-2021004-012-1.jpg,https://raw.githubusercontent.com/RamonOpazo/AmigasVntg_Catalog/master/AVC_2021_004/CHL-MLT-2021004-012-2.jpg,https://raw.githubusercontent.com/RamonOpazo/AmigasVntg_Catalog/master/AVC_2021_004/CHL-MLT-2021004-012-3.jpg,https://raw.githubusercontent.com/RamonOpazo/AmigasVntg_Catalog/master/AVC_2021_004/CHL-MLT-2021004-012-4.jpg,https://raw.githubusercontent.com/RamonOpazo/AmigasVntg_Catalog/master/AVC_2021_004/CHL-MLT-2021004-012-5.jpg,https://raw.githubusercontent.com/RamonOpazo/AmigasVntg_Catalog/master/AVC_2021_004/CHL-MLT-2021004-012-6.jpg,https://raw.githubusercontent.com/RamonOpazo/AmigasVntg_Catalog/master/AVC_2021_004/CHL-MLT-2021004-012-7.jpg,https://raw.githubusercontent.com/RamonOpazo/AmigasVntg_Catalog/master/AVC_2021_004/CHL-MLT-2021004-012-8.jpg,https://raw.githubusercontent.com/RamonOpazo/AmigasVntg_Catalog/master/AVC_2021_004/CHL-MLT-2021004-012-9.jpg",NO,NO,disabled,CHL-MLT-2021004-012,0.34,1,NO,22000,color,multicolor,selection,talla,L,selection,condición,usado,selection,Apparel & Accessories > Clothing > Outerwear > Chaps
,Chaleco Navigare,<p><b>Descripción:</b> Hermoso chaleco amarillo pastel hecho en Italia de corte oversize. Tiene un hermoso patrón trenzado por el frente. </p><p><b>Marca:</b> Navigare</p><p><b>Talla estimada:</b> L</p><p><b>Talla etiqueta:</b> L</p><p><b>Medidas:</b> ancho de hombros: 61 cm / contorno de busto: 114 cm / contorno de cintura: 110 cm / largo de mangas: 57 cm / largo total: 70 cm</p><p><b>Composición:</b> 50% lana / 50% acrílico</p>,,Hermoso chaleco amarillo pastel hecho en Italia de corte oversize. Tiene un hermoso patrón trenzado por el frente.,15,15,14,Navigare,,"Productos,Productos / Chalecos & Polerones","https://raw.githubusercontent.com/RamonOpazo/AmigasVntg_Catalog/master/AVC_2021_004/CHL-BLN-2021004-013-1.jpg,https://raw.githubusercontent.com/RamonOpazo/AmigasVntg_Catalog/master/AVC_2021_004/CHL-BLN-2021004-013-2.jpg,https://raw.githubusercontent.com/RamonOpazo/AmigasVntg_Catalog/master/AVC_2021_004/CHL-BLN-2021004-013-3.jpg,https://raw.githubusercontent.com/RamonOpazo/AmigasVntg_Catalog/master/AVC_2021_004/CHL-BLN-2021004-013-4.jpg,https://raw.githubusercontent.com/RamonOpazo/AmigasVntg_Catalog/master/AVC_2021_004/CHL-BLN-2021004-013-5.jpg,https://raw.githubusercontent.com/RamonOpazo/AmigasVntg_Catalog/master/AVC_2021_004/CHL-BLN-2021004-013-6.jpg,https://raw.githubusercontent.com/RamonOpazo/AmigasVntg_Catalog/master/AVC_2021_004/CHL-BLN-2021004-013-7.jpg,https://raw.githubusercontent.com/RamonOpazo/AmigasVntg_Catalog/master/AVC_2021_004/CHL-BLN-2021004-013-8.jpg,https://raw.githubusercontent.com/RamonOpazo/AmigasVntg_Catalog/master/AVC_2021_004/CHL-BLN-2021004-013-9.jpg",NO,NO,disabled,CHL-BLN-2021004-013,0.74,1,NO,22000,color,blanco,selection,talla,L,selection,condición,usado,selection,Apparel & Accessories > Clothing > Outerwear > Chaps
,Vestido Ágata,"<p><b>Descripción:</b> Divertido vestido negro con diseño de gran flor blanca que esconde un pequeño bolsillo en su parte delantera. Modelo liviano, ideal para ocupar en media temporada. </p><p><b>Marca:</b> Sisjuly</p><p><b>Talla estimada:</b> S</p><p><b>Talla etiqueta:</b> XL</p><p><b>Medidas:</b> ancho de hombros: 38 cm / contorno de busto: 90 cm / contorno de cintura: 96 cm / largo de mangas: 62 cm / largo total: 90 cm / contorno de cadera: 102 cm</p><p><b>Composición:</b> 100% poliéster</p>",,"Divertido vestido negro con diseño de gran flor blanca que esconde un pequeño bolsillo en su parte delantera. Modelo liviano, ideal para ocupar en media temporada.",11,11,11,Sisjuly,,"Productos,Productos / Vestidos & Enteritos","https://raw.githubusercontent.com/RamonOpazo/AmigasVntg_Catalog/master/AVC_2021_004/VST-BYN-2021004-015-1.jpg,https://raw.githubusercontent.com/RamonOpazo/AmigasVntg_Catalog/master/AVC_2021_004/VST-BYN-2021004-015-2.jpg,https://raw.githubusercontent.com/RamonOpazo/AmigasVntg_Catalog/master/AVC_2021_004/VST-BYN-2021004-015-3.jpg,https://raw.githubusercontent.com/RamonOpazo/AmigasVntg_Catalog/master/AVC_2021_004/VST-BYN-2021004-015-4.jpg,https://raw.githubusercontent.com/RamonOpazo/AmigasVntg_Catalog/master/AVC_2021_004/VST-BYN-2021004-015-5.jpg,https://raw.githubusercontent.com/RamonOpazo/AmigasVntg_Catalog/master/AVC_2021_004/VST-BYN-2021004-015-6.jpg,https://raw.githubusercontent.com/RamonOpazo/AmigasVntg_Catalog/master/AVC_2021_004/VST-BYN-2021004-015-7.jpg,https://raw.githubusercontent.com/RamonOpazo/AmigasVntg_Catalog/master/AVC_2021_004/VST-BYN-2021004-015-8.jpg,https://raw.githubusercontent.com/RamonOpazo/AmigasVntg_Catalog/master/AVC_2021_004/VST-BYN-2021004-015-9.jpg",NO,NO,disabled,VST-BYN-2021004-015,0.305,1,NO,18000,color,blanco & negro,selection,talla,S,selection,condición,usado,selection,Apparel & Accessories > Clothing > Dresses
,Vestido tulipán,<p><b>Descripción:</b> Romántico vestido de pavilos de color negro con estampado de flores moradas. Tiene cierre invisible en la espalda y breteles regulables. Tiene un pequeñísimo punto corrido en la parte delantera.</p><p><b>Marca:</b> XS</p><p><b>Talla estimada:</b> XS</p><p><b>Talla etiqueta:</b> 4</p><p><b>Medidas:</b> contorno de busto: 82 cm / contorno de cintura: 70 cm / largo total: 117 cm / contorno de cadera: 100 cm</p><p><b>Composición:</b> 100% poliéster</p>,,Romántico vestido de pavilos de color negro con estampado de flores moradas. Tiene cierre invisible en la espalda y breteles regulables.,12,11,11,XS,,"Productos,Productos / Vestidos & Enteritos","https://raw.githubusercontent.com/RamonOpazo/AmigasVntg_Catalog/master/AVC_2021_004/VST-NGR-2021004-016-1.jpg,https://raw.githubusercontent.com/RamonOpazo/AmigasVntg_Catalog/master/AVC_2021_004/VST-NGR-2021004-016-2.jpg,https://raw.githubusercontent.com/RamonOpazo/AmigasVntg_Catalog/master/AVC_2021_004/VST-NGR-2021004-016-3.jpg,https://raw.githubusercontent.com/RamonOpazo/AmigasVntg_Catalog/master/AVC_2021_004/VST-NGR-2021004-016-4.jpg,https://raw.githubusercontent.com/RamonOpazo/AmigasVntg_Catalog/master/AVC_2021_004/VST-NGR-2021004-016-5.jpg,https://raw.githubusercontent.com/RamonOpazo/AmigasVntg_Catalog/master/AVC_2021_004/VST-NGR-2021004-016-6.jpg,https://raw.githubusercontent.com/RamonOpazo/AmigasVntg_Catalog/master/AVC_2021_004/VST-NGR-2021004-016-7.jpg,https://raw.githubusercontent.com/RamonOpazo/AmigasVntg_Catalog/master/AVC_2021_004/VST-NGR-2021004-016-8.jpg,https://raw.githubusercontent.com/RamonOpazo/AmigasVntg_Catalog/master/AVC_2021_004/VST-NGR-2021004-016-9.jpg",NO,NO,disabled,VST-NGR-2021004-016,0.335,1,NO,16000,color,negro,selection,talla,XS,selection,condición,usado,selection,Apparel & Accessories > Clothing > Dresses
,Vestido sandía,<p><b>Descripción:</b> Divertido vestido color sandía de los años 80. Tiene dos bolsillos y hermoso botón decorativo en el pecho. La cintura es elasticada y se extiende hasta los 80 centímetros de contorno. Su forro interior le otorga volumen a la falda. </p><p><b>Marca:</b> Yessica</p><p><b>Talla estimada:</b> S</p><p><b>Talla etiqueta:</b> 40</p><p><b>Medidas:</b> ancho de hombros: 38 cm / contorno de busto: 90 cm / contorno de cintura: 72 cm / largo de mangas: 43 cm / largo total: 97 cm</p><p><b>Composición:</b> 65% poliéster / 35% algodón</p><p><b>Composición del forro:</b> 100% poliamida</p>,,Divertido vestido color sandía de los años 80. Tiene dos bolsillos y hermoso botón decorativo en el pecho. La cintura es elasticada y se extiende hasta los 80 centímetros de contorno. Su forro interior le otorga volumen a la falda.,12,12,12,Yessica,,"Productos,Productos / Vestidos & Enteritos","https://raw.githubusercontent.com/RamonOpazo/AmigasVntg_Catalog/master/AVC_2021_004/VST-RSD-2021004-017-1.jpg,https://raw.githubusercontent.com/RamonOpazo/AmigasVntg_Catalog/master/AVC_2021_004/VST-RSD-2021004-017-2.jpg,https://raw.githubusercontent.com/RamonOpazo/AmigasVntg_Catalog/master/AVC_2021_004/VST-RSD-2021004-017-3.jpg,https://raw.githubusercontent.com/RamonOpazo/AmigasVntg_Catalog/master/AVC_2021_004/VST-RSD-2021004-017-4.jpg,https://raw.githubusercontent.com/RamonOpazo/AmigasVntg_Catalog/master/AVC_2021_004/VST-RSD-2021004-017-5.jpg,https://raw.githubusercontent.com/RamonOpazo/AmigasVntg_Catalog/master/AVC_2021_004/VST-RSD-2021004-017-6.jpg,https://raw.githubusercontent.com/RamonOpazo/AmigasVntg_Catalog/master/AVC_2021_004/VST-RSD-2021004-017-7.jpg,https://raw.githubusercontent.com/RamonOpazo/AmigasVntg_Catalog/master/AVC_2021_004/VST-RSD-2021004-017-8.jpg,https://raw.githubusercontent.com/RamonOpazo/AmigasVntg_Catalog/master/AVC_2021_004/VST-RSD-2021004-017-9.jpg",NO,NO,disabled,VST-RSD-2021004-017,0.415,1,NO,24000,color,rosado,selection,talla,S,selection,condición,usado,selection,Apparel & Accessories > Clothing > Dresses
,Vestido Gilda,"<p><b>Descripción:</b> Precioso vestido hecho en Alemania, con estampado de flores blancas en fondo negro. Su tela liviana y suave le otorga una preciosa caída. Su cintura es elasticada y da hasta 94 centímetros de contorno. Tiene pasadores para cinturón. </p><p><b>Marca:</b> Gila Grunert</p><p><b>Talla estimada:</b> L/XL</p><p><b>Talla etiqueta:</b> 44</p><p><b>Medidas:</b> ancho de hombros: 43 cm / contorno de busto: 116 cm / contorno de cintura: 86 cm / largo de mangas: 36 cm / largo total: 128 cm / contorno de cadera: 134 cm</p><p><b>Composición:</b> 100% viscosa</p><p><b>Composición del forro:</b> 100% poliamida</p>",,"Precioso vestido hecho en Alemania, con estampado de flores blancas en fondo negro. Su tela liviana y suave le otorga una preciosa caída. Su cintura es elasticada y da hasta 94 centímetros de contorno. Tiene pasadores para cinturón.",13,13,13,Gila Grunert,,"Productos,Productos / Vestidos & Enteritos","https://raw.githubusercontent.com/RamonOpazo/AmigasVntg_Catalog/master/AVC_2021_004/VST-BYN-2021004-018-1.jpg,https://raw.githubusercontent.com/RamonOpazo/AmigasVntg_Catalog/master/AVC_2021_004/VST-BYN-2021004-018-2.jpg,https://raw.githubusercontent.com/RamonOpazo/AmigasVntg_Catalog/master/AVC_2021_004/VST-BYN-2021004-018-3.jpg,https://raw.githubusercontent.com/RamonOpazo/AmigasVntg_Catalog/master/AVC_2021_004/VST-BYN-2021004-018-4.jpg,https://raw.githubusercontent.com/RamonOpazo/AmigasVntg_Catalog/master/AVC_2021_004/VST-BYN-2021004-018-5.jpg,https://raw.githubusercontent.com/RamonOpazo/AmigasVntg_Catalog/master/AVC_2021_004/VST-BYN-2021004-018-6.jpg,https://raw.githubusercontent.com/RamonOpazo/AmigasVntg_Catalog/master/AVC_2021_004/VST-BYN-2021004-018-7.jpg,https://raw.githubusercontent.com/RamonOpazo/AmigasVntg_Catalog/master/AVC_2021_004/VST-BYN-2021004-018-8.jpg,https://raw.githubusercontent.com/RamonOpazo/AmigasVntg_Catalog/master/AVC_2021_004/VST-BYN-2021004-018-9.jpg",NO,NO,disabled,VST-BYN-2021004-018,0.53,1,NO,26000,color,blanco & negro,selection,talla,L/XL,selection,condición,usado,selection,Apparel & Accessories > Clothing > Dresses
,Vestido Laura,"<p><b>Descripción:</b> Coqueto vestido de los años 80 con estampado de flores multicolor en fondo negro. Su forma simula una chaqueta de corte cruzado con cintura peplum y falda tubo, pero es una sola pieza. </p><p><b>Marca:</b> Canda</p><p><b>Talla estimada:</b> M</p><p><b>Talla etiqueta:</b> 40</p><p><b>Medidas:</b> ancho de hombros: 44 cm / contorno de busto: 106 cm / contorno de cintura: 76 cm / largo de mangas: 44 cm / largo total: 108 cm / contorno de cadera: 108 cm</p><p><b>Composición:</b> 100% poliéster</p>",,"Coqueto vestido de los años 80 con estampado de flores multicolor en fondo negro. Su forma simula una chaqueta de corte cruzado con cintura peplum y falda tubo, pero es una sola pieza.",11,11,11,Canda,,"Productos,Productos / Vestidos & Enteritos","https://raw.githubusercontent.com/RamonOpazo/AmigasVntg_Catalog/master/AVC_2021_004/VST-MLT-2021004-019-1.jpg,https://raw.githubusercontent.com/RamonOpazo/AmigasVntg_Catalog/master/AVC_2021_004/VST-MLT-2021004-019-2.jpg,https://raw.githubusercontent.com/RamonOpazo/AmigasVntg_Catalog/master/AVC_2021_004/VST-MLT-2021004-019-3.jpg,https://raw.githubusercontent.com/RamonOpazo/AmigasVntg_Catalog/master/AVC_2021_004/VST-MLT-2021004-019-4.jpg,https://raw.githubusercontent.com/RamonOpazo/AmigasVntg_Catalog/master/AVC_2021_004/VST-MLT-2021004-019-5.jpg,https://raw.githubusercontent.com/RamonOpazo/AmigasVntg_Catalog/master/AVC_2021_004/VST-MLT-2021004-019-6.jpg,https://raw.githubusercontent.com/RamonOpazo/AmigasVntg_Catalog/master/AVC_2021_004/VST-MLT-2021004-019-7.jpg,https://raw.githubusercontent.com/RamonOpazo/AmigasVntg_Catalog/master/AVC_2021_004/VST-MLT-2021004-019-8.jpg,https://raw.githubusercontent.com/RamonOpazo/AmigasVntg_Catalog/master/AVC_2021_004/VST-MLT-2021004-019-9.jpg",NO,NO,disabled,VST-MLT-2021004-019,0.325,1,NO,24000,color,multicolor,selection,talla,M,selection,condición,usado,selection,Apparel & Accessories > Clothing > Dresses
,Vestido Eloísa,<p><b>Descripción:</b> Increíble vestido de fiesta con estampado de plumas doradas y detalles de hilos brillantes sobre fondo negro. Tiene cierre invisible por la espalda. </p><p><b>Marca:</b> Canda</p><p><b>Talla estimada:</b> XL</p><p><b>Talla etiqueta:</b> 50</p><p><b>Medidas:</b> ancho de hombros: 48 cm / contorno de busto: 126 cm / contorno de cintura: 102 cm / largo de mangas: 32 cm / largo total: 150 cm / contorno de cadera: 140 cm</p><p><b>Composición:</b> 97% poliéster / 3% metal</p><p><b>Composición del forro:</b> 70% acetato / 30% nylon</p>,,Increíble vestido de fiesta con estampado de plumas doradas y detalles de hilos brillantes sobre fondo negro. Tiene cierre invisible por la espalda.,13,13,12,Canda,,"Productos,Productos / Vestidos & Enteritos","https://raw.githubusercontent.com/RamonOpazo/AmigasVntg_Catalog/master/AVC_2021_004/VST-MLT-2021004-020-1.jpg,https://raw.githubusercontent.com/RamonOpazo/AmigasVntg_Catalog/master/AVC_2021_004/VST-MLT-2021004-020-2.jpg,https://raw.githubusercontent.com/RamonOpazo/AmigasVntg_Catalog/master/AVC_2021_004/VST-MLT-2021004-020-3.jpg,https://raw.githubusercontent.com/RamonOpazo/AmigasVntg_Catalog/master/AVC_2021_004/VST-MLT-2021004-020-4.jpg,https://raw.githubusercontent.com/RamonOpazo/AmigasVntg_Catalog/master/AVC_2021_004/VST-MLT-2021004-020-5.jpg,https://raw.githubusercontent.com/RamonOpazo/AmigasVntg_Catalog/master/AVC_2021_004/VST-MLT-2021004-020-6.jpg,https://raw.githubusercontent.com/RamonOpazo/AmigasVntg_Catalog/master/AVC_2021_004/VST-MLT-2021004-020-7.jpg,https://raw.githubusercontent.com/RamonOpazo/AmigasVntg_Catalog/master/AVC_2021_004/VST-MLT-2021004-020-8.jpg,https://raw.githubusercontent.com/RamonOpazo/AmigasVntg_Catalog/master/AVC_2021_004/VST-MLT-2021004-020-9.jpg",NO,NO,disabled,VST-MLT-2021004-020,0.495,1,NO,24000,color,multicolor,selection,talla,XL,selection,condición,usado,selection,Apparel & Accessories > Clothing > Dresses
,Vestido Marina,"<p><b>Descripción:</b> Precioso vestido tipo jumper vintage de color azul con líneas verticales blancas, con cierre invisible al costado. No tiene etiqueta de orígen ni compisción, pero impresiona hecho a mano. Su tela es similar a una gabardina. </p><p><b>Talla estimada:</b> M</p><p><b>Medidas:</b> ancho de hombros: 42 cm / contorno de busto: 98 cm / contorno de cintura: 86 cm / largo total: 98 cm / contorno de cadera: 116 cm</p>",,"Precioso vestido tipo jumper vintage de color azul con líneas verticales blancas, con cierre invisible al costado. No tiene etiqueta de orígen ni compisción, pero impresiona hecho a mano. Su tela es similar a una gabardina.",13,13,12,,,"Productos,Productos / Vestidos & Enteritos","https://raw.githubusercontent.com/RamonOpazo/AmigasVntg_Catalog/master/AVC_2021_004/VST-AZL-2021004-021-1.jpg,https://raw.githubusercontent.com/RamonOpazo/AmigasVntg_Catalog/master/AVC_2021_004/VST-AZL-2021004-021-2.jpg,https://raw.githubusercontent.com/RamonOpazo/AmigasVntg_Catalog/master/AVC_2021_004/VST-AZL-2021004-021-3.jpg,https://raw.githubusercontent.com/RamonOpazo/AmigasVntg_Catalog/master/AVC_2021_004/VST-AZL-2021004-021-4.jpg,https://raw.githubusercontent.com/RamonOpazo/AmigasVntg_Catalog/master/AVC_2021_004/VST-AZL-2021004-021-5.jpg,https://raw.githubusercontent.com/RamonOpazo/AmigasVntg_Catalog/master/AVC_2021_004/VST-AZL-2021004-021-6.jpg,https://raw.githubusercontent.com/RamonOpazo/AmigasVntg_Catalog/master/AVC_2021_004/VST-AZL-2021004-021-7.jpg,https://raw.githubusercontent.com/RamonOpazo/AmigasVntg_Catalog/master/AVC_2021_004/VST-AZL-2021004-021-8.jpg,https://raw.githubusercontent.com/RamonOpazo/AmigasVntg_Catalog/master/AVC_2021_004/VST-AZL-2021004-021-9.jpg",NO,NO,disabled,VST-AZL-2021004-021,0.485,1,NO,22000,color,azul,selection,talla,M,selection,condición,usado,selection,Apparel & Accessories > Clothing > Dresses
,Vestido Suni,"<p><b>Descripción:</b> Increíble vestido vintage hecho en Finlandia, de puro algodón. Es un modelo clásico de los años 70, como un verdadero tesoro vintage. Su cintura es elasticada y da hasta los 96 centímetros. Incluye un cinto de la misma tela. </p><p><b>Marca:</b> Nana Suni</p><p><b>Talla estimada:</b> S</p><p><b>Talla etiqueta:</b> 36</p><p><b>Medidas:</b> ancho de hombros: 43 cm / contorno de busto: 104 cm / contorno de cintura: 60 cm / largo de mangas: 30 cm / largo total: 140 cm / contorno de cadera: 130 cm</p><p><b>Composición:</b> 100% algodón</p>",,"Increíble vestido vintage hecho en Finlandia, de puro algodón. Es un modelo clásico de los años 70, como un verdadero tesoro vintage. Su cintura es elasticada y da hasta los 96 centímetros. Incluye un cinto de la misma tela.",11,11,11,Nana Suni,,"Productos,Productos / Vestidos & Enteritos","https://raw.githubusercontent.com/RamonOpazo/AmigasVntg_Catalog/master/AVC_2021_004/VST-MLT-2021004-022-1.jpg,https://raw.githubusercontent.com/RamonOpazo/AmigasVntg_Catalog/master/AVC_2021_004/VST-MLT-2021004-022-2.jpg,https://raw.githubusercontent.com/RamonOpazo/AmigasVntg_Catalog/master/AVC_2021_004/VST-MLT-2021004-022-3.jpg,https://raw.githubusercontent.com/RamonOpazo/AmigasVntg_Catalog/master/AVC_2021_004/VST-MLT-2021004-022-4.jpg,https://raw.githubusercontent.com/RamonOpazo/AmigasVntg_Catalog/master/AVC_2021_004/VST-MLT-2021004-022-5.jpg,https://raw.githubusercontent.com/RamonOpazo/AmigasVntg_Catalog/master/AVC_2021_004/VST-MLT-2021004-022-6.jpg,https://raw.githubusercontent.com/RamonOpazo/AmigasVntg_Catalog/master/AVC_2021_004/VST-MLT-2021004-022-7.jpg,https://raw.githubusercontent.com/RamonOpazo/AmigasVntg_Catalog/master/AVC_2021_004/VST-MLT-2021004-022-8.jpg,https://raw.githubusercontent.com/RamonOpazo/AmigasVntg_Catalog/master/AVC_2021_004/VST-MLT-2021004-022-9.jpg",NO,NO,disabled,VST-MLT-2021004-022,0.31,1,NO,32000,color,multicolor,selection,talla,S,selection,condición,usado,selection,Apparel & Accessories > Clothing > Dresses
,Vestido Roberta,"<p><b>Descripción:</b> Vestido tipo jumper largo, clásico de los años 90. Es de gaza semitransparente con forro interior azul marino. Tiene cierre invisible por el costado. </p><p><b>Marca:</b> Petite Sophisticate</p><p><b>Talla estimada:</b> ML</p><p><b>Talla etiqueta:</b> 12</p><p><b>Medidas:</b> ancho de hombros: 38 cm / contorno de busto: 100 cm / contorno de cintura: 90 cm / largo total: 124 cm / contorno de cadera: 112 cm</p><p><b>Composición:</b> 100% poliéster</p><p><b>Composición del forro:</b> 100% poliéster</p>",,"Vestido tipo jumper largo, clásico de los años 90. Es de gaza semitransparente con forro interior azul marino. Tiene cierre invisible por el costado.",11,11,11,Petite Sophisticate,,"Productos,Productos / Vestidos & Enteritos","https://raw.githubusercontent.com/RamonOpazo/AmigasVntg_Catalog/master/AVC_2021_004/VST-MLT-2021004-023-1.jpg,https://raw.githubusercontent.com/RamonOpazo/AmigasVntg_Catalog/master/AVC_2021_004/VST-MLT-2021004-023-2.jpg,https://raw.githubusercontent.com/RamonOpazo/AmigasVntg_Catalog/master/AVC_2021_004/VST-MLT-2021004-023-3.jpg,https://raw.githubusercontent.com/RamonOpazo/AmigasVntg_Catalog/master/AVC_2021_004/VST-MLT-2021004-023-4.jpg,https://raw.githubusercontent.com/RamonOpazo/AmigasVntg_Catalog/master/AVC_2021_004/VST-MLT-2021004-023-5.jpg,https://raw.githubusercontent.com/RamonOpazo/AmigasVntg_Catalog/master/AVC_2021_004/VST-MLT-2021004-023-6.jpg,https://raw.githubusercontent.com/RamonOpazo/AmigasVntg_Catalog/master/AVC_2021_004/VST-MLT-2021004-023-7.jpg,https://raw.githubusercontent.com/RamonOpazo/AmigasVntg_Catalog/master/AVC_2021_004/VST-MLT-2021004-023-8.jpg,https://raw.githubusercontent.com/RamonOpazo/AmigasVntg_Catalog/master/AVC_2021_004/VST-MLT-2021004-023-9.jpg",NO,NO,disabled,VST-MLT-2021004-023,0.31,1,NO,16000,color,multicolor,selection,talla,ML,selection,condición,usado,selection,Apparel & Accessories > Clothing > Dresses
,Pantalón Lorenza,"<p><b>Descripción:</b> Elegante pantalón italiano de lana, de tiro alto, con pinzas delanteras. Tiene cierre por el costado. Está en una increíble condicióin, incluso con su etiqueta de orígen. </p><p><b>Marca:</b> Nesconf</p><p><b>Talla estimada:</b> XS</p><p><b>Talla etiqueta:</b> 42</p><p><b>Medidas:</b> contorno de cintura: 66 cm / largo total: 101 cm / contorno de cadera: 92 cm / largo de tiro: 31 cm</p><p><b>Composición:</b> 100% lana</p>",,"Elegante pantalón italiano de lana, de tiro alto, con pinzas delanteras. Tiene cierre por el costado. Está en una increíble condicióin, incluso con su etiqueta de orígen.",11,11,11,Nesconf,,"Productos,Productos / Pantalones & Jeans","https://raw.githubusercontent.com/RamonOpazo/AmigasVntg_Catalog/master/AVC_2021_004/PNT-CFE-2021004-024-1.jpg,https://raw.githubusercontent.com/RamonOpazo/AmigasVntg_Catalog/master/AVC_2021_004/PNT-CFE-2021004-024-2.jpg,https://raw.githubusercontent.com/RamonOpazo/AmigasVntg_Catalog/master/AVC_2021_004/PNT-CFE-2021004-024-3.jpg,https://raw.githubusercontent.com/RamonOpazo/AmigasVntg_Catalog/master/AVC_2021_004/PNT-CFE-2021004-024-4.jpg,https://raw.githubusercontent.com/RamonOpazo/AmigasVntg_Catalog/master/AVC_2021_004/PNT-CFE-2021004-024-5.jpg,https://raw.githubusercontent.com/RamonOpazo/AmigasVntg_Catalog/master/AVC_2021_004/PNT-CFE-2021004-024-6.jpg,https://raw.githubusercontent.com/RamonOpazo/AmigasVntg_Catalog/master/AVC_2021_004/PNT-CFE-2021004-024-7.jpg,https://raw.githubusercontent.com/RamonOpazo/AmigasVntg_Catalog/master/AVC_2021_004/PNT-CFE-2021004-024-8.jpg,https://raw.githubusercontent.com/RamonOpazo/AmigasVntg_Catalog/master/AVC_2021_004/PNT-CFE-2021004-024-9.jpg",NO,NO,disabled,PNT-CFE-2021004-024,0.325,1,NO,28000,color,café,selection,talla,XS,selection,condición,usado,selection,Apparel & Accessories > Clothing > Pants
,Mom jeans Mónica,"<p><b>Descripción:</b> Increíble mom jeans de la marca intaliana Byblos Blu. De tiro alto, mezclilla rígida y calce perfecto. Todo lo que sueñas de un mom jeans vintage. </p><p><b>Marca:</b> Byblos Blu</p><p><b>Talla estimada:</b> XS</p><p><b>Talla etiqueta:</b> 27</p><p><b>Medidas:</b> contorno de cintura: 68 cm / largo total: 96 cm / contorno de cadera: 86 cm / largo de tiro: 29 cm</p><p><b>Composición:</b> 100% algodón</p>",,"Increíble mom jeans de la marca intaliana Byblos Blu. De tiro alto, mezclilla rígida y calce perfecto. Todo lo que sueñas de un mom jeans vintage.",14,13,13,Byblos Blu,,"Productos,Productos / Pantalones & Jeans","https://raw.githubusercontent.com/RamonOpazo/AmigasVntg_Catalog/master/AVC_2021_004/PNT-AZL-2021004-026-1.jpg,https://raw.githubusercontent.com/RamonOpazo/AmigasVntg_Catalog/master/AVC_2021_004/PNT-AZL-2021004-026-2.jpg,https://raw.githubusercontent.com/RamonOpazo/AmigasVntg_Catalog/master/AVC_2021_004/PNT-AZL-2021004-026-3.jpg,https://raw.githubusercontent.com/RamonOpazo/AmigasVntg_Catalog/master/AVC_2021_004/PNT-AZL-2021004-026-4.jpg,https://raw.githubusercontent.com/RamonOpazo/AmigasVntg_Catalog/master/AVC_2021_004/PNT-AZL-2021004-026-5.jpg,https://raw.githubusercontent.com/RamonOpazo/AmigasVntg_Catalog/master/AVC_2021_004/PNT-AZL-2021004-026-6.jpg,https://raw.githubusercontent.com/RamonOpazo/AmigasVntg_Catalog/master/AVC_2021_004/PNT-AZL-2021004-026-7.jpg,https://raw.githubusercontent.com/RamonOpazo/AmigasVntg_Catalog/master/AVC_2021_004/PNT-AZL-2021004-026-8.jpg,https://raw.githubusercontent.com/RamonOpazo/AmigasVntg_Catalog/master/AVC_2021_004/PNT-AZL-2021004-026-9.jpg",NO,NO,disabled,PNT-AZL-2021004-026,0.56,1,NO,28000,color,azul,selection,talla,XS,selection,condición,usado,selection,Apparel & Accessories > Clothing > Pants
,Falda dark velvet,"<p><b>Descripción:</b> Coqueta minifalda de velvet negro, de tiro alto y tela elasticada que se ajusta de manera perfecta a tu cuerpo. </p><p><b>Marca:</b> Options</p><p><b>Talla estimada:</b> S</p><p><b>Talla etiqueta:</b> 42</p><p><b>Medidas:</b> contorno de cintura: 68 cm / largo total: 48 cm / contorno de cadera: 82 cm</p><p><b>Composición:</b> 95% algodón / 5% lycra</p>",,"Coqueta minifalda de velvet negro, de tiro alto y tela elasticada que se ajusta de manera perfecta a tu cuerpo.",10,10,10,Options,,"Productos,Productos / Faldas & Shorts","https://raw.githubusercontent.com/RamonOpazo/AmigasVntg_Catalog/master/AVC_2021_004/FLD-NGR-2021004-027-1.jpg,https://raw.githubusercontent.com/RamonOpazo/AmigasVntg_Catalog/master/AVC_2021_004/FLD-NGR-2021004-027-2.jpg,https://raw.githubusercontent.com/RamonOpazo/AmigasVntg_Catalog/master/AVC_2021_004/FLD-NGR-2021004-027-3.jpg,https://raw.githubusercontent.com/RamonOpazo/AmigasVntg_Catalog/master/AVC_2021_004/FLD-NGR-2021004-027-4.jpg,https://raw.githubusercontent.com/RamonOpazo/AmigasVntg_Catalog/master/AVC_2021_004/FLD-NGR-2021004-027-5.jpg,https://raw.githubusercontent.com/RamonOpazo/AmigasVntg_Catalog/master/AVC_2021_004/FLD-NGR-2021004-027-6.jpg,https://raw.githubusercontent.com/RamonOpazo/AmigasVntg_Catalog/master/AVC_2021_004/FLD-NGR-2021004-027-7.jpg,https://raw.githubusercontent.com/RamonOpazo/AmigasVntg_Catalog/master/AVC_2021_004/FLD-NGR-2021004-027-8.jpg,https://raw.githubusercontent.com/RamonOpazo/AmigasVntg_Catalog/master/AVC_2021_004/FLD-NGR-2021004-027-9.jpg",NO,NO,disabled,FLD-NGR-2021004-027,0.205,1,NO,16000,color,negro,selection,talla,S,selection,condición,usado,selection,Apparel & Accessories > Clothing > Skirts
,Falda conchitas de mar,<p><b>Descripción:</b> Encantadora falda de algodón con estampado de conchitas y estrellas de mar en distintos colores. Se abotona por el frente. Tiene pequeñas manchitas en la parte posterior.</p><p><b>Talla estimada:</b> L</p><p><b>Medidas:</b> contorno de cintura: 78 cm / largo total: 68 cm / contorno de cadera: 106 cm</p>,,Encantadora falda de algodón con estampado de conchitas y estrellas de mar en distintos colores. Se abotona por el frente.,10,10,10,,,"Productos,Productos / Faldas & Shorts","https://raw.githubusercontent.com/RamonOpazo/AmigasVntg_Catalog/master/AVC_2021_004/FLD-MLT-2021004-028-1.jpg,https://raw.githubusercontent.com/RamonOpazo/AmigasVntg_Catalog/master/AVC_2021_004/FLD-MLT-2021004-028-2.jpg,https://raw.githubusercontent.com/RamonOpazo/AmigasVntg_Catalog/master/AVC_2021_004/FLD-MLT-2021004-028-3.jpg,https://raw.githubusercontent.com/RamonOpazo/AmigasVntg_Catalog/master/AVC_2021_004/FLD-MLT-2021004-028-4.jpg,https://raw.githubusercontent.com/RamonOpazo/AmigasVntg_Catalog/master/AVC_2021_004/FLD-MLT-2021004-028-5.jpg,https://raw.githubusercontent.com/RamonOpazo/AmigasVntg_Catalog/master/AVC_2021_004/FLD-MLT-2021004-028-6.jpg,https://raw.githubusercontent.com/RamonOpazo/AmigasVntg_Catalog/master/AVC_2021_004/FLD-MLT-2021004-028-7.jpg,https://raw.githubusercontent.com/RamonOpazo/AmigasVntg_Catalog/master/AVC_2021_004/FLD-MLT-2021004-028-8.jpg,https://raw.githubusercontent.com/RamonOpazo/AmigasVntg_Catalog/master/AVC_2021_004/FLD-MLT-2021004-028-9.jpg",NO,NO,disabled,FLD-MLT-2021004-028,0.205,1,NO,12000,color,multicolor,selection,talla,L,selection,condición,usado,selection,Apparel & Accessories > Clothing > Skirts
,Falda-pantalón Mariana,"<p><b>Descripción:</b> Hermosa y cómoda falda-pantalón con estampado geométrico tipo cuadrillé. Tiene un bolsillo único al costado derecho, cierre al costado izquierdo, y finos pasadores para un cinturón delgado. </p><p><b>Marca:</b> Marianne David</p><p><b>Talla estimada:</b> S</p><p><b>Talla etiqueta:</b> 40</p><p><b>Medidas:</b> contorno de cintura: 70 cm / largo total: 66 cm / contorno de cadera: 100 cm</p><p><b>Composición:</b> 100% algodón</p>",,"Hermosa y cómoda falda-pantalón con estampado geométrico tipo cuadrillé. Tiene un bolsillo único al costado derecho, cierre al costado izquierdo, y finos pasadores para un cinturón delgado.",11,11,11,Marianne David,,"Productos,Productos / Faldas & Shorts","https://raw.githubusercontent.com/RamonOpazo/AmigasVntg_Catalog/master/AVC_2021_004/FLD-MLT-2021004-030-1.jpg,https://raw.githubusercontent.com/RamonOpazo/AmigasVntg_Catalog/master/AVC_2021_004/FLD-MLT-2021004-030-2.jpg,https://raw.githubusercontent.com/RamonOpazo/AmigasVntg_Catalog/master/AVC_2021_004/FLD-MLT-2021004-030-3.jpg,https://raw.githubusercontent.com/RamonOpazo/AmigasVntg_Catalog/master/AVC_2021_004/FLD-MLT-2021004-030-4.jpg,https://raw.githubusercontent.com/RamonOpazo/AmigasVntg_Catalog/master/AVC_2021_004/FLD-MLT-2021004-030-5.jpg,https://raw.githubusercontent.com/RamonOpazo/AmigasVntg_Catalog/master/AVC_2021_004/FLD-MLT-2021004-030-6.jpg,https://raw.githubusercontent.com/RamonOpazo/AmigasVntg_Catalog/master/AVC_2021_004/FLD-MLT-2021004-030-7.jpg,https://raw.githubusercontent.com/RamonOpazo/AmigasVntg_Catalog/master/AVC_2021_004/FLD-MLT-2021004-030-8.jpg,https://raw.githubusercontent.com/RamonOpazo/AmigasVntg_Catalog/master/AVC_2021_004/FLD-MLT-2021004-030-9.jpg",NO,NO,disabled,FLD-MLT-2021004-030,0.315,1,NO,18000,color,multicolor,selection,talla,S,selection,condición,usado,selection,Apparel & Accessories > Clothing > Skirts
